{"stats":{"minecraft:mined":{"minecraft:cactus":1,"minecraft:sugar_cane":6},"minecraft:dropped":{"minecraft:cactus":3},"minecraft:custom":{"minecraft:time_since_rest":1521,"minecraft:crouch_one_cm":278,"minecraft:walk_one_cm":2080,"minecraft:sprint_one_cm":5044,"minecraft:play_time":4862,"minecraft:damage_taken":356,"minecraft:deaths":1,"minecraft:sneak_time":62,"minecraft:walk_under_water_one_cm":1443,"minecraft:drop":1,"minecraft:jump":33,"minecraft:leave_game":4,"minecraft:walk_on_water_one_cm":1176,"minecraft:time_since_death":479,"minecraft:climb_one_cm":108,"minecraft:total_world_time":4862,"minecraft:swim_one_cm":868,"minecraft:fall_one_cm":418,"minecraft:fly_one_cm":8944},"minecraft:killed_by":{"born_in_chaos_v1:corpse_fish":1},"minecraft:picked_up":{"minecraft:cactus":3,"minecraft:sugar_cane":8}},"DataVersion":3465}